,pwr,psd,mean,1stptile,99thptile,meantest,1stptiletest,99ptiletest,min,max,std,meanerror,minerror,maxerror,ptile1sterror,ptile99therror,stderror
0,Baseline,Baseline,1996.373735632184,1989.1631666666665,2001.9217333333336,N/A,N/A,N/A,1988.5266666666664,2002.2333333333336,3.5012725103941227,N/A,N/A,N/A,N/A,N/A,N/A
1,-10,4.3,2015.877619047619,2007.829333333333,2024.4813333333332,FAIL,PASS,PASS,2007.713333333333,2024.7166666666665,4.989524486679565,-0.9769655384320495,-0.9648684620774426,-1.1229127474320122,-0.9383929372644768,-1.1268972020417776,-42.506030932105794
2,-9,5.3,2000.1536507936503,1989.4073333333333,2006.7819999999997,PASS,PASS,PASS,1989.3966666666668,2006.9866666666665,4.8833831515958135,-0.18933905480725707,-0.04375098481624649,-0.23740156824876593,-0.012274843550215337,-0.2427800540720167,-39.47452353676157
3,-8,6.3,2001.2687301587298,1990.5786666666665,2013.7526666666665,PASS,PASS,PASS,1990.2733333333333,2014.303333333333,6.833501743956456,-0.24519429599667303,-0.0878372262210999,-0.602826843358224,-0.07116057766000589,-0.590978814822778,-95.17194744682239
4,-7,7.3,2003.4174603174602,1982.793333333333,2014.0679999999998,PASS,PASS,PASS,1981.4033333333332,2014.2766666666664,8.758818534277472,-0.3528259543569714,0.35822166495126484,-0.6014949972530427,0.3202267888364153,-0.6067303463678289,-150.16100598497917
